name,visitors
China,441
Germany,242
United States,141
Netherlands,122
Hong Kong,39
United Kingdom,28
France,28
Spain,25
Japan,21
Czechia,16
Taiwan,14
Singapore,13
Poland,12
India,12
Belgium,8
Australia,7
Switzerland,7
Austria,6
Brazil,6
Italy,6
Russian Federation,6
Indonesia,4
Ireland,4
Bangladesh,4
South Korea,3
Finland,3
Pakistan,3
Denmark,2
Turkey,2
Egypt,2
Honduras,1
Thailand,1
Norway,1
Canada,1
Sri Lanka,1
Bulgaria,1
Algeria,1
Ecuador,1
Mexico,1
Macao,1
Chile,1
Argentina,1
Israel,1
Iraq,1
