name,unique_entrances,total_entrances,visit_duration
/,570,622,298
/families,69,88,602
/about,38,40,194
/species,34,39,852
/species-list,24,24,681
/search,23,23,272
/dev,18,20,890
/tap/ARF,16,17,173
/species/34,14,14,313
/tap/MYB,13,13,78
/news,9,11,864
/tap/ABI3/VP1,9,9,234
/tap/DUF296 domain containing,9,9,0
/species/523,9,11,1288
/domain,7,7,187
/data,7,8,42
/tap/ADA2,6,6,373
/index.php/search,6,6,144
/species/469,5,6,20
/tap/ET,4,4,42
/tap/AP2,4,4,454
/species/587,4,4,4
/tap/Aux/IAA,4,4,406
/species/4,3,3,10
/tap/Zn_clus,3,3,27
/species/139,3,3,126
/species/244/tap/BBR/BPC,3,3,0
/tap/GARP_G2-like,3,3,27
/subtap/C3HDZ,3,3,0
/tap/TRAF,3,3,0
/species/523/tap/ADA2,3,3,245
/tapinfo/table,3,3,509
/species/514/tap/DUF632 domain containing,3,3,0
/species/464/tap/DUF246 domain containing/O-FucT,3,3,0
/speciestable/tap/ADA2,2,2,0
/species/2,2,2,5088
/species/1/tap/ARF,2,2,4676
/viz,2,2,3744
/species/34/tap/ARF,2,2,988
/species/34/tap/FHA,2,2,636
/tap/Alfin-like,2,2,14
/species/647,2,2,410
/tap/LBD,2,2,21
/tap/DUF833 domain containing/TANGO2,2,2,2
/tap/LFY,2,2,0
/tap/HD_PINTOX,2,2,2
/subtap/C2HDZ,2,3,0
/tap/SBP,2,2,0
/subtap/bHLH_TCP,2,2,3
/tap/E2F/DP,2,2,944
/tap/WRKY,2,2,0
/tap/bHLH,2,3,130
/subtap/LOB1,2,2,0
/species/225,2,3,10
/tap/GRF,2,2,536
/species/223,2,2,36
/tap/VOZ,2,2,428
/speciestable/tap/mTERF,2,2,202
/species/223/tap/Zn_clus,2,2,0
/species/308/tap/DUF246 domain containing/O-FucT,2,2,0
/species/588/tap/DUF246 domain containing/O-FucT,2,2,0
/species/651/tap/DUF547 domain containing,2,2,0
/species/487/subtap/C2H2,2,2,0
/species/648/tap/Zn_clus,2,2,0
/species/360,2,2,60
/tap/S1Fa-like,2,2,0
/species/225/subtap/MYB-2R,2,2,14
/species/124,2,2,0
/species/27/subtap/RKD,2,2,0
/species/360/subtap/C2HDZ,2,2,0
/species/294/tap/IWS1,2,2,0
/species/546/tap/ARF,2,2,0
/species/294/tap/C2H2,2,2,264
/species/73/tap/HD-LD,2,2,0
/species/294/tap/Whirly,2,2,0
/subtap/NF-YA,2,2,0
/speciestable/tap/bHLH,1,1,93
/species/3/subtap/Argonaute,1,1,0
/species/3,1,1,29
/tap/CRF,1,1,4853
/species/4/subtap/ADA2,1,1,1572
/species/3/subtap/AP2,1,1,1366
/species/147/tap/ARF,1,1,3332
/species/1/subtap/MYB-4R,1,3,406
/species/1/tap/ADA2,1,1,16
/species/28/tap/ADA2,1,1,307
/page-cache/families.html,1,2,4172
/species/15,1,1,1611
/species/4/tap/ADA2,1,1,3831
/species/5/tap/ARID,1,1,2704
/tap/HD_TALE_BEL,1,1,0
/species/34/tap/Med7,1,1,0
/tap/CPP,1,1,0
/species/34/subtap/C2H2_IDD,1,1,0
/species/520,1,1,0
/species/4/tap/ABI3/VP1,1,1,831
/species/1,1,1,23
/species/13,1,1,45
/species/81/subtap/C3HDZ,1,1,0
/tapinfo,1,1,19
/subtap/CBP,1,1,36
/speciestable/tap/HD_TALE_KNOX2,1,1,51
/subtap/MYST,1,1,299
/species/647/tap/AP2,1,1,0
/species/146/tap/PcG_FIE,1,1,34
/speciestable/tap/GRAS,1,1,0
/species/139/tap/SWI/SNF_SNF2,1,1,0
/tap/Rcd1-like,1,1,0
/species/477/tap/SWI/SNF_BAF60b,1,1,0
/species/37,1,1,0
/tap/bZIP,1,1,1498
/species/482/tap/HSF,1,1,0
/species/501/subtap/MYST,1,1,0
/species/290/tap/CAMTA,1,1,0
/tap/Jumonji_PKDM7,1,1,7
/species/384/tap/E2F/DP,1,1,61
/species/62,1,1,0
/species/244/tap/BSD domain containing,1,1,0
/species/471,1,1,61
/species/124/tap/WRKY,1,1,0
/species/64/tap/bHLH,1,1,0
/tap/MADS,1,1,0
/species/49/tap/Whirly,1,1,0
/tap/ARID,1,1,7
/tap/BBR/BPC,1,1,8
/tap/CudA,1,1,5
/tap/EIL,1,1,6
/subtap/GNAT,1,1,3
/tap/HAT,1,1,3
/tap/HD-LD,1,1,27
/subtap/C1HDZ,1,1,2
/tap/MBF1,1,1,1
/tap/mTERF,1,1,1
/tap/TFb2,1,1,0
"/tap/Zinc finger, ZPR1",1,1,0
/species/196,1,1,0
/species/674/tap/WRKY,1,1,420
/speciestable/subtap/NF-YA,1,1,0
/tap/BSD domain containing,1,1,0
/species/29,1,1,1456
/species/585,1,1,195
/tap/ALOG,1,1,106
/species/116/tap/PcG_EZ,1,1,0
"/species/566/tap/Zinc finger, ZPR1",1,1,0
/species/179/tap/mTERF,1,1,0
/species/432/tap/HD_WOX,1,1,0
/species/678/tap/CPP,1,1,0
/species/380/tap/HD-SAWADEE,1,1,0
/species/526/tap/CSD,1,1,0
/species/313/tap/LDL/FLD,1,1,0
/species/357/tap/GARP_G2-like,1,1,0
/species/491/tap/HD-SAWADEE,1,1,0
/species/111/tap/SET,1,1,0
/species/359/tap/CPP,1,1,0
/species/121/tap/MADS_MIKC,1,1,0
/species/230/tap/mTERF,1,1,0
/species/141/tap/CSD,1,1,0
/species/256/tap/HD_TALE_KNOX2,1,1,0
/species/346/tap/SWI/SNF_BAF60b,1,1,0
/species/71/tap/SWI/SNF_SNF2,1,1,0
/species/614/tap/PcG_VEFS,1,1,0
/species/524/tap/LUG,1,1,0
/species/281/tap/HD_PLINC,1,1,0
/species/298/tap/DDT,1,1,0
/species/144/subtap/NF-YA,1,1,0
/species/234/tap/SWI/SNF_BAF60b,1,1,0
/species/154/subtap/NF-YA,1,1,0
/species/314/tap/PcG_EZ,1,1,0
/species/281/subtap/bHLH_TCP,1,1,0
/subtap/MYB-4R,1,1,0
/species/235/tap/SWI/SNF_SNF2,1,1,0
/species/481/tap/GARP_G2-like,1,1,0
/species/551/tap/DUF296 domain containing,1,1,0
/species/514/tap/GARP_G2-like,1,1,0
/species/425/tap/DUF547 domain containing,1,1,0
/speciestable/subtap/GNAT,1,1,0
/species/226,1,1,3255
/species/302/tap/DUF296 domain containing,1,1,0
/tap/HD-SAWADEE,1,1,80
/species/164/tap/PHD,1,1,0
/species/523/tap/HD-other,1,1,333
/speciestable/tap/HD_TALE,1,1,290
/speciestable/tap/GeBP,1,1,13
"/species/523/tap/Zinc finger, ZPR1",1,1,663
/rules,1,1,1602
/species/523/tap/MADS,1,2,218
/tap/OFP,1,1,0
/taps,1,1,0
"/species/312/tap/Zinc finger, AN1 and A20 type",1,1,0
/species/229/tap/BSD domain containing,1,1,0
"/species/470/tap/Zinc finger, AN1 and A20 type",1,1,0
/species/355/tap/BSD domain containing,1,1,0
/species/1/tap/DUF246 domain containing/O-FucT,1,1,0
/species/496/tap/BSD domain containing,1,1,0
/species/261/tap/BSD domain containing,1,1,0
"/species/104/tap/Zinc finger, MIZ type",1,1,0
"/species/21/tap/Zinc finger, AN1 and A20 type",1,1,0
/species/450/tap/BSD domain containing,1,1,0
/species/275/tap/BSD domain containing,1,1,0
/species/232/tap/BSD domain containing,1,1,0
"/species/88/tap/Zinc finger, MIZ type",1,1,0
/species/552/tap/BSD domain containing,1,1,0
/species/370/tap/BSD domain containing,1,1,0
"/species/528/tap/Zinc finger, MIZ type",1,1,0
"/species/625/tap/Zinc finger, AN1 and A20 type",1,1,0
/species/356/tap/BSD domain containing,1,1,0
"/species/480/tap/Zinc finger, MIZ type",1,1,0
/species/558/tap/BSD domain containing,1,1,0
/species/70/tap/BSD domain containing,1,1,0
/species/154/tap/DUF296 domain containing,1,1,0
"/species/445/tap/Zinc finger, MIZ type",1,1,0
/species/564/tap/BSD domain containing,1,1,0
"/species/553/tap/Zinc finger, AN1 and A20 type",1,1,0
"/species/264/tap/Zinc finger, MIZ type",1,1,0
"/species/152/tap/Zinc finger, AN1 and A20 type",1,1,0
"/species/259/tap/Zinc finger, MIZ type",1,1,0
/species/375/tap/BSD domain containing,1,1,0
/species/138/tap/DUF246 domain containing/O-FucT,1,1,0
"/species/602/tap/Zinc finger, MIZ type",1,1,0
"/species/677/tap/Zinc finger, MIZ type",1,1,0
/species/55/tap/DUF246 domain containing/O-FucT,1,1,0
/species/272/tap/BSD domain containing,1,1,0
"/species/181/tap/Zinc finger, MIZ type",1,1,0
"/species/278/tap/Zinc finger, MIZ type",1,1,0
/species/316/tap/BSD domain containing,1,1,0
"/species/237/tap/Zinc finger, MIZ type",1,1,0
/species/91/tap/BSD domain containing,1,1,0
"/species/13/tap/Zinc finger, MIZ type",1,1,0
/species/295/tap/DUF296 domain containing,1,1,0
"/species/215/tap/Zinc finger, MIZ type",1,1,0
"/species/312/tap/Zinc finger, MIZ type",1,1,0
"/species/393/tap/Zinc finger, MIZ type",1,1,0
/species/50/tap/BSD domain containing,1,1,0
/species/81/tap/DUF246 domain containing/O-FucT,1,1,0
/species/568/tap/BSD domain containing,1,1,0
/species/388/tap/DUF833 domain containing/TANGO2,1,1,0
"/species/650/tap/Zinc finger, AN1 and A20 type",1,1,0
/species/130/tap/BSD domain containing,1,1,0
"/species/585/tap/Zinc finger, MIZ type",1,1,0
/species/120/tap/DUF296 domain containing,1,1,0
"/species/248/tap/Zinc finger, MIZ type",1,1,0
/species/210/tap/DUF246 domain containing/O-FucT,1,1,0
/species/500/tap/DUF246 domain containing/O-FucT,1,1,0
/species/489/tap/BSD domain containing,1,1,0
/species/456/tap/DUF246 domain containing/O-FucT,1,1,0
"/species/635/tap/Zinc finger, MIZ type",1,1,0
"/species/321/tap/Zinc finger, MIZ type",1,1,0
/species/471/tap/DUF547 domain containing,1,1,0
/species/459/tap/DUF246 domain containing/O-FucT,1,1,0
/species/209/tap/DUF833 domain containing/TANGO2,1,1,0
/species/300/tap/DUF547 domain containing,1,1,0
/species/558/tap/DUF246 domain containing/O-FucT,1,1,0
/species/380/tap/DUF246 domain containing/O-FucT,1,1,0
/species/424/tap/DUF246 domain containing/O-FucT,1,1,0
/species/8/tap/DUF246 domain containing/O-FucT,1,1,0
/species/348/tap/DUF246 domain containing/O-FucT,1,1,0
/species/319/tap/DUF246 domain containing/O-FucT,1,1,0
/species/471/tap/DUF632 domain containing,1,1,0
/species/556/subtap/GNAT,1,1,0
/species/209/tap/DUF246 domain containing/O-FucT,1,1,0
/species/461/tap/DUF246 domain containing/O-FucT,1,1,0
/species/276/tap/DUF246 domain containing/O-FucT,1,1,0
/species/636/tap/Sin3,1,1,0
/species/559/tap/E2F/DP,1,1,0
/species/555/tap/TRAF,1,1,0
/species/487/tap/TRAF,1,1,0
"/species/555/tap/Zinc finger, AN1 and A20 type",1,1,0
/species/214/tap/Med6,1,1,0
/species/223/subtap/CRF,1,1,0
/species/95/tap/DUF547 domain containing,1,1,0
/species/223/tap/PcG_MSI,1,1,0
/species/487/tap/RRN3,1,1,0
"/species/648/tap/Zinc finger, ZPR1",1,1,0
/species/214/subtap/GNAT,1,1,0
/species/147/tap/TFb2,1,1,0
/species/589/tap/DUF296 domain containing,1,1,0
/species/636/tap/HD_TALE,1,1,0
/species/648/tap/Rcd1-like,1,1,0
/species/555/tap/MBF1,1,1,0
/species/201/tap/BSD domain containing,1,1,0
/species/559/tap/bHLH,1,1,0
/species/201/tap/Med7,1,1,0
/species/546/subtap/NLP,1,1,0
/species/546/subtap/MYB-4R,1,1,0
"/species/492/tap/Zinc finger, MIZ type",1,1,0
/species/223/subtap/bHLH,1,1,0
/species/395/tap/DUF246 domain containing/O-FucT,1,1,0
/species/532/tap/DUF246 domain containing/O-FucT,1,1,0
/species/262/tap/ARID,1,1,0
/species/390/tap/BSD domain containing,1,1,0
/species/636/tap/Med6,1,1,0
/species/556/tap/Med7,1,1,0
/species/262/tap/MYB,1,1,0
/species/632/tap/BSD domain containing,1,1,0
/species/556/subtap/NF-YA,1,1,0
/species/559/tap/bZIP,1,1,0
/species/223/tap/SOH1,1,1,0
/species/147/subtap/bHLH,1,1,0
/species/666/tap/DUF547 domain containing,1,1,0
/species/636/subtap/CRF,1,1,0
