name,unique_exits,total_exits,exit_rate
/,374,403,36.0
/families,85,99,25.0
/about,73,81,39.0
/species,32,38,9.0
/species-list,25,26,8.0
/news,21,24,19.0
/species/523,19,19,35.0
/data,17,18,10.0
/tap/ARF,15,16,30.0
/species/34,15,16,30.0
/dev,13,18,30.0
/domain,9,9,7.0
/search,9,10,11.0
/tap/MYB,9,9,40.0
/tap/AP2,8,8,14.0
/tap/DUF296 domain containing,8,8,66.0
/tap/ABI3/VP1,8,9,22.0
/species/1,6,6,6.0
/tap/Aux/IAA,6,6,37.0
/tap/ADA2,5,6,9.0
/species/4,5,5,31.0
/species/124,5,5,62.0
/rules,5,5,8.0
/species/360,5,5,35.0
/species/225,5,6,25.0
/tap/bHLH,4,6,25.0
/species/2,4,4,15.0
/subtap/MYB-2R,4,4,26.0
/taps,4,4,12.0
/tap/HD_PINTOX,4,4,40.0
/species/469,4,4,36.0
/tap/SBP,4,4,66.0
/tap/TRAF,4,4,80.0
/tap/WRKY,4,4,57.0
/species/472/tap/ABI3/VP1,4,4,100.0
/species/1/subtap/MYB-4R,3,4,44.0
/taps/table,3,3,11.0
/tap/HD_TALE_BEL,3,3,21.0
/tap/LFY,3,3,42.0
/species/139,3,3,18.0
/species/587,3,3,75.0
/tap/bZIP,3,3,30.0
/tap/tify,3,3,50.0
/species/244/tap/BBR/BPC,3,3,100.0
/tap/HD_TALE,3,3,37.0
/subtap/C3HDZ,3,3,60.0
/tap/BSD domain containing,3,3,50.0
/speciestable/tap/bHLH,3,3,27.0
/species/233,3,3,33.0
/subtap/LOB1,3,3,60.0
/species/523/tap/MADS,3,4,66.0
/tap/ET,3,4,44.0
/species/523/tap/bZIP,3,3,42.0
/species/514/tap/DUF632 domain containing,3,3,100.0
/species/464/tap/DUF246 domain containing/O-FucT,3,3,100.0
/tap/MYB-related,3,4,26.0
/tap/C2H2,3,3,20.0
/speciestable/tap/ADA2,2,2,8.0
/species/3/tap/ADA2,2,3,17.0
/species/1/tap/ARF,2,4,14.0
"/tap/Zinc finger, ZPR1",2,2,100.0
/tap/DUF246 domain containing/O-FucT,2,2,33.0
/tap/ZPR,2,2,66.0
/speciestable/subtap/NF-YA,2,2,66.0
/subtap/C2H2_IDD,2,2,10.0
"/tap/Zinc finger, AN1 and A20 type",2,2,66.0
/species/139/tap/SWI/SNF_SNF2,2,2,100.0
/tap/Rcd1-like,2,2,66.0
/tap/NAC,2,2,33.0
/subtap/bHLH_TCP,2,2,22.0
/tap/HDZ,2,2,33.0
/tap/Runt,2,2,50.0
/subtap/C2HDZ,2,3,60.0
/tap/VARL,2,2,50.0
/tap/Sir2,2,2,66.0
/tap/ULT,2,2,66.0
/tap/VOZ,2,2,40.0
/tap/GARP_ARR-B,2,2,40.0
/species/226,2,2,12.0
/species/224,2,2,20.0
/species/523/tap/ADA2,2,2,50.0
/species/523/tap/HD_TALE,2,2,28.0
/species/523/tap/LIM,2,2,66.0
/tapinfo/table,2,3,7.0
/tap/E2F/DP,2,2,33.0
/species/223/tap/Zn_clus,2,2,100.0
/species/308/tap/DUF246 domain containing/O-FucT,2,2,100.0
/species/588/tap/DUF246 domain containing/O-FucT,2,2,100.0
/species/651/tap/DUF547 domain containing,2,2,100.0
/species/487/subtap/C2H2,2,2,100.0
/species/648/tap/Zn_clus,2,2,100.0
/tap/S1Fa-like,2,2,50.0
/species/225/subtap/MYB-related,2,2,66.0
/species/27/subtap/RKD,2,2,100.0
/species/360/subtap/C2HDZ,2,2,100.0
/species/294/tap/IWS1,2,2,100.0
/species/294/tap/SBP,2,2,100.0
/species/546/tap/ARF,2,2,100.0
/species/73/tap/HD-LD,2,2,100.0
/species/294/tap/Whirly,2,2,100.0
