name,visitors,pageviews,bounce_rate,time_on_page
/,601,1111,55,271.0
/species,176,387,26,115.0
/families,149,391,45,183.0
/about,118,207,60,213.0
/species-list,83,322,58,133.0
/data,79,164,25,36.0
/news,58,123,18,125.0
/search,51,85,13,51.0
/species/34,36,52,79,97.0
/tap/ADA2,35,62,50,109.0
/domain,32,116,29,128.0
/species/523,29,53,27,164.0
/tap/ABI3/VP1,29,40,44,144.0
/tap/ARF,29,53,65,255.0
/species/1,28,97,0,295.0
/tap/AP2,28,55,25,134.0
/dev,26,60,30,553.0
/taps,24,31,100,66.0
/tap/MYB,18,22,46,75.0
/tap/bHLH,16,24,33,119.0
/species/360,14,14,50,74.0
/tap/Aux/IAA,14,16,50,303.0
/tap/C2H2,13,15,100,130.0
/rules,12,57,0,90.0
/species/225,12,24,33,43.0
/tap/DUF296 domain containing,12,12,78,47.0
/tap/MYB-related,12,15,,102.0
/species/4,11,16,67,52.0
/speciestable/tap/ADA2,10,24,50,233.0
/tap/HD_TALE_BEL,10,14,100,36.0
/species/2,9,26,0,158.0
/speciestable/tap/bHLH,9,11,0,35.0
/tap/ARID,9,15,0,173.0
/tap/HD_PINTOX,9,10,50,161.0
/tap/bZIP,9,10,0,12.0
/tapinfo,9,11,0,29.0
/taps/table,9,26,100,311.0
/species/139,8,16,33,88.0
/species/233,8,9,,148.0
/species/469,8,11,67,31.0
/subtap/MYB-2R,8,15,,320.0
/tap/Alfin-like,8,11,0,148.0
/tap/BES1,8,10,0,94.0
/tap/ET,8,9,50,19.0
/tap/MADS,8,8,100,228.0
/index.php/search,7,10,0,59.0
/species/124,7,8,100,220.0
/species/3,7,28,0,104.0
/species/523/tap/HD-other,7,8,0,286.0
/speciestable/tap/AP2,7,12,,36.0
/subtap/C2H2_IDD,7,20,,222.0
/subtap/MYB-related,7,9,0,56.0
/subtap/bHLH_TCP,7,9,50,164.0
/tap/C2C2_CO-like,7,11,,74.0
/tap/HD_TALE,7,8,,229.0
/tap/LFY,7,7,100,46.0
/tap/WRKY,7,7,100,38.0
/tapinfo/table,7,41,0,433.0
/species/226,6,16,0,260.0
/speciestable/tap/ABI3/VP1,6,7,,13.0
/speciestable/tap/HD_TALE_BEL,6,6,,49.0
/tap/BSD domain containing,6,6,100,1.0
/tap/GARP_G2-like,6,6,33,32.0
/tap/HD-SAWADEE,6,6,0,48.0
/tap/HDZ,6,6,100,34.0
/tap/NAC,6,6,,16.0
/tap/OFP,6,8,100,143.0
/tap/SBP,6,6,100,2.0
/data-upload,5,8,,86.0
/rules/table,5,20,,247.0
/species/223,5,8,0,100.0
/species/224,5,10,,80.0
/species/3/tap/ADA2,5,17,,62.0
/species/34/tap/ABI3/VP1,5,6,100,172.0
/species/471,5,6,0,260.0
/species/523/tap/HD_TALE,5,7,,610.0
/subtap/C3HDZ,5,5,100,0.0
/subtap/CRF,5,14,,83.0
/subtap/LOB1,5,5,100,0.0
/subtap/MYB-3R,5,6,,19.0
/subtap/NF-YA,5,5,100,1.0
/tap/C2C2_YABBY,5,5,,11.0
/tap/DBP,5,5,,2.0
/tap/DUF246 domain containing/O-FucT,5,6,100,29.0
/tap/E2F/DP,5,6,0,361.0
/tap/GARP_ARR-B,5,5,,104.0
/tap/GRAS,5,5,,12.0
/tap/GRF,5,5,50,173.0
/tap/HAT,5,6,0,11.0
/tap/TRAF,5,5,100,0.0
/tap/Zn_clus,5,6,0,23.0
/news/table,4,7,,260.0
/species/1/subtap/MYB-4R,4,9,67,155.0
/species/1/tap/ADA2,4,6,0,70.0
/species/1/tap/ARF,4,28,0,1078.0
/species/225/subtap/MYB-2R,4,6,50,31.0
/species/34/tap/MYB,4,4,100,21.0
/species/472/tap/ABI3/VP1,4,4,100,
/species/523/tap/MADS,4,6,50,278.0
/species/587,4,4,75,14.0
